City_ID,City,Country,Date,Lat,Lng,Max Temp,Humidity,Cloudiness,Wind Speed
0,Bethel,US,2022-07-10 16:40:25,41.3712,-73.414,81.16,44,0,1.01
1,Kaitangata,NZ,2022-07-10 16:44:25,-46.2817,169.8464,37.0,87,70,4.36
2,Bambous Virieux,MU,2022-07-10 16:44:25,-20.3428,57.7575,70.21,68,75,18.41
3,Laguna,US,2022-07-10 16:44:25,38.421,-121.4238,87.08,55,0,1.01
4,Norman Wells,CA,2022-07-10 16:44:26,65.282,-126.8329,64.44,77,75,4.61
5,Nikolskoye,RU,2022-07-10 16:44:26,59.7035,30.7861,67.91,91,96,3.18
6,Ushuaia,AR,2022-07-10 16:40:37,-54.8,-68.3,35.26,69,75,14.97
7,Clarksburg,US,2022-07-10 16:41:57,39.2807,-80.3445,85.89,50,0,10.36
8,Hermanus,ZA,2022-07-10 16:44:27,-34.4187,19.2345,52.81,76,100,5.41
9,Kindia,GN,2022-07-10 16:44:27,10.0569,-12.8658,75.4,91,98,2.33
10,Kapaa,US,2022-07-10 16:44:28,22.0752,-159.319,75.52,91,100,14.97
11,Qaanaaq,GL,2022-07-10 16:44:28,77.484,-69.3632,43.54,69,100,0.58
12,Rikitea,PF,2022-07-10 16:44:28,-23.1203,-134.9692,72.23,80,22,7.43
13,Saskylakh,RU,2022-07-10 16:44:29,71.9167,114.0833,47.37,81,100,11.25
14,Hithadhoo,MV,2022-07-10 16:44:29,-0.6,73.0833,82.8,71,100,2.95
15,Mataura,NZ,2022-07-10 16:44:29,-46.1927,168.8643,32.49,97,50,2.37
16,Rabo De Peixe,PT,2022-07-10 16:44:30,37.8,-25.5833,69.31,68,75,11.5
17,Torbay,CA,2022-07-10 16:41:20,47.6666,-52.7314,70.88,45,40,27.63
18,Ribeira Grande,PT,2022-07-10 16:44:30,38.5167,-28.7,72.0,64,75,10.36
19,Ostrovnoy,RU,2022-07-10 16:44:30,68.0531,39.5131,58.32,73,77,15.14
20,Porto Nacional,BR,2022-07-10 16:44:31,-10.7081,-48.4172,89.6,23,14,7.0
21,Beloha,MG,2022-07-10 16:44:31,-25.1667,45.05,66.61,63,0,10.92
22,Sao Filipe,CV,2022-07-10 16:44:31,14.8961,-24.4956,74.53,82,39,7.47
23,Busselton,AU,2022-07-10 16:44:32,-33.65,115.3333,54.82,66,67,4.47
24,Punta Arenas,CL,2022-07-10 16:44:32,-53.15,-70.9167,35.71,64,75,4.61
25,Manokwari,ID,2022-07-10 16:44:32,-0.8667,134.0833,77.36,82,100,4.74
26,Znin,PL,2022-07-10 16:44:33,52.8496,17.7199,60.13,52,61,10.96
27,Wuda,CN,2022-07-10 16:44:33,39.4994,106.7117,84.22,24,100,17.31
28,Ponta Do Sol,PT,2022-07-10 16:44:34,32.6667,-17.1,79.12,61,4,3.65
29,Thompson,CA,2022-07-10 16:44:34,55.7435,-97.8558,68.16,83,75,3.44
30,Katherine,AU,2022-07-10 16:44:35,-14.4667,132.2667,52.12,71,28,8.05
31,Vila Velha,BR,2022-07-10 16:42:13,-20.3297,-40.2925,76.95,79,75,3.44
32,Cockburn Town,TC,2022-07-10 16:43:26,21.4612,-71.1419,85.96,66,40,16.11
33,Chokurdakh,RU,2022-07-10 16:44:35,70.6333,147.9167,56.68,57,100,10.0
34,Butaritari,KI,2022-07-10 16:44:35,3.0707,172.7902,81.95,79,14,18.77
35,Nome,US,2022-07-10 16:44:36,64.5011,-165.4064,56.16,76,0,3.44
36,Aklavik,CA,2022-07-10 16:44:36,68.2191,-135.0107,53.6,100,100,6.91
37,Port Alfred,ZA,2022-07-10 16:44:36,-33.5906,26.891,56.17,93,96,7.0
38,Poum,NC,2022-07-10 16:44:36,-20.2333,164.0167,78.33,82,5,14.27
39,Kruisfontein,ZA,2022-07-10 16:44:37,-34.0033,24.7314,51.89,89,94,11.5
40,Khor,RU,2022-07-10 16:44:37,47.8861,134.9464,66.27,86,83,3.42
41,Kavieng,PG,2022-07-10 16:44:37,-2.5744,150.7967,82.0,74,65,12.19
42,Avarua,CK,2022-07-10 16:44:38,-21.2078,-159.775,71.65,60,100,2.3
43,East London,ZA,2022-07-10 16:45:38,-33.0153,27.9116,61.74,94,20,5.75
44,Kununurra,AU,2022-07-10 16:45:38,-15.7667,128.7333,49.98,76,37,1.14
45,Puerto Leguizamo,CO,2022-07-10 16:45:39,-0.1934,-74.7819,78.75,78,99,1.92
46,La Roda,ES,2022-07-10 16:45:39,39.2167,-2.15,99.0,20,0,19.13
47,Jian,CN,2022-07-10 16:45:39,27.1172,114.9793,81.37,73,21,4.52
48,Aswan,EG,2022-07-10 16:45:40,24.0934,32.907,101.5,16,0,8.05
49,Santos Dumont,BR,2022-07-10 16:45:40,-21.4567,-43.5525,78.6,39,28,7.7
50,Male,MV,2022-07-10 16:45:40,4.1748,73.5089,84.15,79,75,12.66
51,Porto Novo,BJ,2022-07-10 16:41:58,6.4965,2.6036,80.42,77,99,10.29
52,Mahabad,IR,2022-07-10 16:45:41,36.7631,45.7222,78.6,26,0,2.75
53,Karratha,AU,2022-07-10 16:45:41,-20.7377,116.8463,64.02,35,2,4.97
54,Port Elizabeth,ZA,2022-07-10 16:45:41,-33.918,25.5701,57.49,92,0,7.0
55,Linxia,CN,2022-07-10 16:45:42,35.6003,103.2064,66.63,95,94,2.98
56,Hilo,US,2022-07-10 16:42:08,19.7297,-155.09,74.28,94,100,3.0
57,Sisimiut,GL,2022-07-10 16:45:42,66.9395,-53.6735,42.55,78,97,8.95
58,Vaini,TO,2022-07-10 16:45:42,-21.2,-175.2,73.56,88,75,8.05
59,Puerto Ayora,EC,2022-07-10 16:45:43,-0.7393,-90.3518,75.16,88,82,7.0
60,Iqaluit,CA,2022-07-10 16:45:43,63.7506,-68.5145,44.33,75,20,5.75
61,Haines Junction,CA,2022-07-10 16:45:43,60.7522,-137.5108,51.75,76,89,0.0
62,Souillac,MU,2022-07-10 16:45:44,-20.5167,57.5167,70.18,68,75,18.41
63,Marrakesh,MA,2022-07-10 16:45:44,31.6315,-8.0083,113.07,6,20,6.91
64,Harnosand,SE,2022-07-10 16:45:44,62.6323,17.9379,61.0,83,44,10.87
65,Henties Bay,NA,2022-07-10 16:45:44,-22.116,14.2845,56.86,86,0,15.43
66,Arraial Do Cabo,BR,2022-07-10 16:45:45,-22.9661,-42.0278,78.76,73,20,24.16
67,Tuy Hoa,VN,2022-07-10 16:45:45,13.0833,109.3,78.12,80,96,8.86
68,Carnarvon,AU,2022-07-10 16:45:45,-24.8667,113.6333,62.62,61,2,18.32
69,Luanda,AO,2022-07-10 16:45:14,-8.8368,13.2343,73.4,73,0,8.05
70,Delvada,IN,2022-07-10 16:41:37,20.7667,71.0333,81.77,81,100,17.38
71,Yellowknife,CA,2022-07-10 16:45:45,62.456,-114.3525,70.32,73,75,8.05
72,New Norfolk,AU,2022-07-10 16:45:46,-42.7826,147.0587,48.92,80,100,3.06
73,Leningradskiy,RU,2022-07-10 16:45:46,69.3833,178.4167,37.4,86,100,17.74
74,Gua,IN,2022-07-10 16:45:46,22.2,85.3833,77.05,91,68,3.87
75,Chapais,CA,2022-07-10 16:45:47,49.7834,-74.8492,71.38,28,84,8.93
76,Albany,US,2022-07-10 16:43:47,42.6001,-73.9662,77.05,39,30,4.16
77,Hualmay,PE,2022-07-10 16:45:47,-11.0964,-77.6139,66.4,72,50,11.03
78,Bluff,NZ,2022-07-10 16:45:47,-46.6,168.3333,32.81,79,58,11.7
79,Comodoro Rivadavia,AR,2022-07-10 16:45:48,-45.8667,-67.5,33.66,93,100,16.11
80,Camacupa,AO,2022-07-10 16:45:48,-12.0167,17.4833,67.03,28,48,3.98
81,Severo-Kurilsk,RU,2022-07-10 16:45:48,50.6789,156.125,59.23,75,97,6.29
82,Jalu,LY,2022-07-10 16:45:48,29.0331,21.5482,92.46,23,0,12.19
83,Port Lincoln,AU,2022-07-10 16:45:49,-34.7333,135.8667,54.91,49,99,18.57
84,Georgetown,MY,2022-07-10 16:43:02,5.4112,100.3354,85.89,85,20,2.3
85,Saldanha,ZA,2022-07-10 16:45:49,-33.0117,17.9442,55.45,87,66,14.41
86,Cabo San Lucas,MX,2022-07-10 16:45:23,22.8909,-109.9124,94.3,61,37,7.56
87,Tilichiki,RU,2022-07-10 16:45:50,60.4667,166.1,50.27,79,2,4.81
88,Kodiak,US,2022-07-10 16:45:51,57.79,-152.4072,54.91,71,0,6.91
89,Tonantins,BR,2022-07-10 16:45:51,-2.8731,-67.8022,73.63,98,100,2.93
90,Topola,RS,2022-07-10 16:46:51,44.2542,20.6825,74.48,25,81,9.66
91,Karaton,ID,2022-07-10 16:46:52,-6.3424,106.1045,72.82,86,65,0.76
92,Dunedin,NZ,2022-07-10 16:44:54,-45.8742,170.5036,40.8,75,55,6.22
93,Cosina,PH,2022-07-10 16:46:52,8.1061,124.6197,70.27,97,94,3.4
94,Arman,RU,2022-07-10 16:46:52,59.7,150.1667,56.17,81,3,3.51
95,Ewing,US,2022-07-10 16:46:53,40.2698,-74.7999,84.49,54,20,9.22
96,Jamestown,US,2022-07-10 16:46:53,42.097,-79.2353,78.03,38,0,7.0
97,Dikson,RU,2022-07-10 16:46:54,73.5069,80.5464,37.92,91,100,5.17
98,Salalah,OM,2022-07-10 16:42:38,17.0151,54.0924,77.09,100,100,5.75
99,Coari,BR,2022-07-10 16:46:55,-4.085,-63.1414,86.2,66,33,2.48
100,Atuona,PF,2022-07-10 16:46:56,-9.8,-139.0333,77.54,75,50,17.67
101,Geraldton,AU,2022-07-10 16:46:56,-28.7667,114.6,50.41,93,100,8.05
102,Bjornevatn,NO,2022-07-10 16:46:56,69.6672,29.9847,57.54,82,75,6.91
103,Mareeba,AU,2022-07-10 16:46:57,-17.0,145.4333,56.44,87,3,2.28
104,Klaksvik,FO,2022-07-10 16:46:57,62.2266,-6.589,52.72,92,69,18.77
105,Sobolevo,RU,2022-07-10 16:46:57,54.4299,31.8996,65.28,85,93,5.86
106,Coahuayana,MX,2022-07-10 16:45:25,18.7333,-103.6833,89.73,58,100,2.68
107,Hobart,AU,2022-07-10 16:46:58,-42.8794,147.3294,49.26,77,100,10.36
108,Lompoc,US,2022-07-10 16:46:58,34.6391,-120.4579,68.92,88,100,8.01
109,Esperance,AU,2022-07-10 16:46:58,-33.8667,121.9,55.15,77,80,12.41
110,Sao Miguel Do Araguaia,BR,2022-07-10 16:46:59,-13.275,-50.1628,91.89,20,0,7.16
111,Coquimbo,CL,2022-07-10 16:46:59,-29.9533,-71.3436,60.53,72,75,3.44
112,Solnechnyy,RU,2022-07-10 16:47:00,50.7214,136.6319,64.11,88,100,2.82
113,Pitimbu,BR,2022-07-10 16:47:00,-7.4706,-34.8086,82.99,68,7,15.3
114,Pisco,PE,2022-07-10 16:47:00,-13.7,-76.2167,64.45,77,20,9.22
115,Mercedes,AR,2022-07-10 16:47:00,-34.6515,-59.4307,62.04,83,95,12.95
116,Hasaki,JP,2022-07-10 16:47:01,35.7333,140.8333,75.6,93,0,3.96
117,Charters Towers,AU,2022-07-10 16:47:01,-20.1,146.2667,47.62,64,0,7.29
118,Nishihara,JP,2022-07-10 16:47:01,26.1842,127.7558,82.06,94,0,5.75
119,Chuy,UY,2022-07-10 16:47:02,-33.6971,-53.4616,72.0,72,22,11.7
120,Hachinohe,JP,2022-07-10 16:47:02,40.5,141.5,65.23,96,35,3.69
121,Port-Louis,MU,2022-07-10 16:47:03,-20.1619,57.4989,70.41,62,41,18.34
122,Cape Town,ZA,2022-07-10 16:42:31,-33.9258,18.4232,56.12,87,40,12.66
123,Tuktoyaktuk,CA,2022-07-10 16:47:03,69.4541,-133.0374,50.0,100,100,3.44
124,Upernavik,GL,2022-07-10 16:47:04,72.7868,-56.1549,39.6,83,26,2.77
125,Tiksi,RU,2022-07-10 16:47:04,71.6872,128.8694,54.63,58,7,4.32
126,Varnamo,SE,2022-07-10 16:47:04,57.186,14.04,65.26,71,98,5.99
127,Tahta,EG,2022-07-10 16:45:17,26.7693,31.5021,97.79,16,7,9.08
128,Mweka,CD,2022-07-10 16:47:05,-4.85,21.5667,78.48,27,14,2.35
129,Tasiilaq,GL,2022-07-10 16:47:05,65.6145,-37.6368,51.96,75,43,6.73
130,Saint-Philippe,RE,2022-07-10 16:47:06,-21.3585,55.7679,69.39,75,40,15.52
131,Asfi,MA,2022-07-10 16:47:06,32.2994,-9.2372,78.69,64,14,16.11
132,Nenjiang,CN,2022-07-10 16:47:06,49.1833,125.2167,63.39,89,59,6.11
133,Constantine,DZ,2022-07-10 16:47:07,36.365,6.6147,85.41,37,20,14.97
134,Pacifica,US,2022-07-10 16:43:19,37.6138,-122.4869,74.82,92,40,4.61
135,Los Llanos De Aridane,ES,2022-07-10 16:48:07,28.6585,-17.9182,71.35,78,0,16.11
136,Howard Springs,AU,2022-07-10 16:48:08,-12.497,131.047,62.51,72,59,6.96
137,George,ZA,2022-07-10 16:48:08,-33.963,22.4617,53.15,94,40,5.75
138,Podsineye,RU,2022-07-10 16:48:08,53.6658,91.5364,66.2,61,0,4.47
139,Rio De Janeiro,BR,2022-07-10 16:44:04,-22.9028,-43.2075,89.55,62,20,5.75
140,Lebu,CL,2022-07-10 16:48:09,-37.6167,-73.65,50.92,76,18,8.88
141,Marawi,PH,2022-07-10 16:48:09,7.9986,124.2928,69.17,91,89,5.28
142,Mmathubudukwane,BW,2022-07-10 16:48:09,-24.6,26.4333,63.43,34,18,1.36
143,Provideniya,RU,2022-07-10 16:48:10,64.3833,-173.3,48.16,93,100,4.81
144,Garissa,KE,2022-07-10 16:48:10,-0.4536,39.6401,78.1,54,42,25.72
145,Bredasdorp,ZA,2022-07-10 16:48:10,-34.5322,20.0403,53.04,90,100,4.92
146,Beringovskiy,RU,2022-07-10 16:48:11,63.05,179.3167,45.16,90,100,14.72
147,Port Macquarie,AU,2022-07-10 16:47:08,-31.4333,152.9167,53.49,94,75,9.22
148,Ketchikan,US,2022-07-10 16:48:11,55.3422,-131.6461,54.07,94,100,14.97
149,Chalus,IR,2022-07-10 16:48:11,36.655,51.4204,80.06,65,0,4.61
150,Palu,ID,2022-07-10 16:48:12,-0.8917,119.8707,76.8,92,100,2.82
151,Necochea,AR,2022-07-10 16:44:05,-38.5473,-58.7368,55.06,69,100,11.16
152,Cidreira,BR,2022-07-10 16:48:12,-30.1811,-50.2056,69.04,73,99,6.53
153,Dubbo,AU,2022-07-10 16:48:12,-32.25,148.6167,37.53,100,3,10.36
154,Wajima,JP,2022-07-10 16:48:13,37.4,136.9,75.31,86,40,2.59
155,Wasilla,US,2022-07-10 16:45:52,61.5814,-149.4394,60.37,73,0,3.0
156,Iwanai,JP,2022-07-10 16:48:13,42.9744,140.5089,66.43,97,84,2.17
157,Vakhrushev,RU,2022-07-10 16:48:14,48.9833,142.9667,57.74,87,96,3.62
158,Xai-Xai,MZ,2022-07-10 16:48:14,-25.0519,33.6442,68.34,57,0,7.85
159,Santa Vitoria Do Palmar,BR,2022-07-10 16:48:14,-33.5189,-53.3681,72.05,72,9,11.77
160,Praia,CV,2022-07-10 16:48:15,14.9215,-23.5087,84.74,58,20,8.05
161,Luancheng,CN,2022-07-10 16:48:15,37.8792,114.6517,69.96,76,20,2.55
162,Synya,RU,2022-07-10 16:48:15,65.3718,58.0387,66.25,53,66,4.14
163,Majene,ID,2022-07-10 16:48:16,-3.5403,118.9707,78.24,90,100,8.28
164,Airai,TL,2022-07-10 16:48:16,-8.9266,125.4092,55.22,92,78,2.91
165,Mahebourg,MU,2022-07-10 16:48:16,-20.4081,57.7,70.25,68,75,18.41
166,Flinders,AU,2022-07-10 16:48:17,-34.5833,150.8552,53.19,89,88,4.0
167,San Cristobal,VE,2022-07-10 16:48:17,7.7669,-72.225,82.58,45,65,8.48
168,Nouakchott,MR,2022-07-10 16:46:43,18.0858,-15.9785,78.73,78,27,15.32
169,Carauari,BR,2022-07-10 16:48:18,-4.8828,-66.8958,81.18,84,84,3.94
170,Castro,BR,2022-07-10 16:48:18,-24.7911,-50.0119,71.17,50,97,10.38
171,Muswellbrook,AU,2022-07-10 16:48:19,-32.2667,150.9,46.33,97,97,1.88
172,Rochegda,RU,2022-07-10 16:48:19,62.8,43.25,73.2,55,77,5.73
173,Korla,CN,2022-07-10 16:48:19,41.7597,86.1469,81.72,22,2,5.21
174,Dothan,US,2022-07-10 16:48:20,31.2232,-85.3905,87.04,71,0,8.05
175,Mar Del Plata,AR,2022-07-10 16:48:20,-38.0023,-57.5575,61.09,74,0,15.99
176,Barrow,US,2022-07-10 16:48:21,71.2906,-156.7887,53.62,76,0,5.75
177,Vanavara,RU,2022-07-10 16:48:21,60.34,102.2797,60.15,85,86,4.18
178,San Jeronimo,PE,2022-07-10 16:48:21,-11.9472,-75.2829,61.83,35,46,2.93
179,Navolato,MX,2022-07-10 16:48:22,24.7672,-107.6944,91.13,67,29,6.73
180,Tuatapere,NZ,2022-07-10 16:48:22,-46.1333,167.6833,33.85,93,62,4.5
181,Portales,US,2022-07-10 16:48:22,34.1862,-103.3344,95.02,28,0,7.49
182,Lakselv,NO,2022-07-10 16:49:23,70.0513,24.9718,57.02,82,75,14.97
183,Sao Sebastiao,BR,2022-07-10 16:49:04,-23.76,-45.4097,78.66,56,54,4.29
184,Basse,DE,2022-07-10 16:49:23,52.5518,9.5069,68.11,69,75,14.97
185,Saint George,US,2022-07-10 16:44:28,37.1041,-113.5841,96.8,16,20,1.99
186,Lexington Park,US,2022-07-10 16:49:23,38.2668,-76.4538,78.48,77,75,10.36
187,Zarand,IR,2022-07-10 16:49:24,30.8127,56.564,88.14,10,6,7.78
188,Hambantota,LK,2022-07-10 16:49:24,6.1241,81.1185,81.1,79,100,19.42
189,Ola,RU,2022-07-10 16:49:25,59.5833,151.2833,53.94,89,2,2.35
190,Vila Franca Do Campo,PT,2022-07-10 16:49:25,37.7167,-25.4333,70.21,62,39,6.33
191,Tura,IN,2022-07-10 16:49:25,25.5198,90.2201,77.02,85,89,4.0
192,Abu Samrah,SY,2022-07-10 16:49:26,35.3029,37.1841,80.06,38,0,15.39
193,Batetskiy,RU,2022-07-10 16:49:26,58.6461,30.3027,64.76,78,83,3.27
194,Bouna,CI,2022-07-10 16:49:27,9.2667,-3.0,82.04,63,100,7.63
195,Khatanga,RU,2022-07-10 16:49:27,71.9667,102.5,48.69,60,89,13.51
196,Novyy Urengoy,RU,2022-07-10 16:49:27,66.0833,76.6333,61.23,66,37,9.8
197,Karwar,IN,2022-07-10 16:49:27,14.8,74.1333,78.85,85,100,17.54
198,Buala,SB,2022-07-10 16:49:28,-8.145,159.5921,78.62,83,97,3.62
199,Bow Island,CA,2022-07-10 16:49:28,49.8668,-111.3684,62.47,77,92,2.3
200,Tromso,NO,2022-07-10 16:49:29,69.6496,18.957,55.42,76,40,11.5
201,Turtas,RU,2022-07-10 16:49:29,58.9417,69.1325,68.83,84,15,6.93
202,Biak,ID,2022-07-10 16:49:29,-0.9131,122.8766,74.03,88,100,7.34
203,Ulaangom,MN,2022-07-10 16:49:30,49.9811,92.0667,66.27,43,33,5.17
204,Bairiki,KI,2022-07-10 16:49:30,1.3292,172.9752,78.8,89,75,10.36
205,Danane,CI,2022-07-10 16:49:30,7.2596,-8.155,78.4,70,95,1.52
206,Tukrah,LY,2022-07-10 16:49:30,32.5341,20.5791,79.3,64,0,18.19
207,Dong Xoai,VN,2022-07-10 16:49:31,11.5333,106.9167,72.97,98,100,2.35
208,Sinnamary,GF,2022-07-10 16:49:31,5.3833,-52.95,80.87,80,83,6.06
209,Nelson Bay,AU,2022-07-10 16:45:23,-32.7167,152.15,55.11,92,89,13.0
210,Orlik,RU,2022-07-10 16:49:31,52.5178,99.825,46.02,87,65,3.02
211,Faanui,PF,2022-07-10 16:49:32,-16.4833,-151.75,78.62,73,66,22.08
212,Weiser,US,2022-07-10 16:49:32,44.251,-116.9693,81.32,35,2,11.01
213,Pevek,RU,2022-07-10 16:49:32,69.7008,170.3133,32.29,88,100,6.2
214,Adre,TD,2022-07-10 16:49:33,13.4667,22.2,90.12,24,56,9.69
215,Ixtapa,MX,2022-07-10 16:49:33,20.7,-105.2,86.23,73,78,4.0
216,Paracatu,BR,2022-07-10 16:49:33,-17.2222,-46.8747,81.25,31,24,9.01
217,Te Anau,NZ,2022-07-10 16:49:34,-45.4167,167.7167,30.31,95,87,0.83
218,Lixourion,GR,2022-07-10 16:49:34,38.2019,20.4314,82.4,54,20,13.8
219,Hofn,IS,2022-07-10 16:49:34,64.2539,-15.2082,51.82,100,100,9.22
220,Lopandino,RU,2022-07-10 16:49:35,52.4666,34.8163,62.78,89,100,5.41
221,Uige,AO,2022-07-10 16:49:35,-7.6087,15.0613,78.82,65,20,6.91
222,Hami,CN,2022-07-10 16:49:36,42.8,93.45,84.74,15,82,14.76
223,Victoria,HK,2022-07-10 16:45:28,22.2855,114.1577,86.38,80,16,8.99
224,Burgeo,CA,2022-07-10 16:50:36,47.6167,-57.6152,59.47,77,47,24.34
225,Zhigansk,RU,2022-07-10 16:50:36,66.7697,123.3711,53.58,69,92,5.39
226,Cap-Aux-Meules,CA,2022-07-10 16:50:37,47.3821,-61.8597,64.45,68,20,18.41
227,Pingliang,CN,2022-07-10 16:50:37,35.5392,106.6861,73.44,79,100,3.94
228,Keskin,TR,2022-07-10 16:50:37,39.6731,33.6136,69.15,56,91,3.71
229,Vestmannaeyjar,IS,2022-07-10 16:50:37,63.4427,-20.2734,50.99,100,100,16.11
230,Lithgow,AU,2022-07-10 16:50:38,-33.4833,150.15,37.15,99,83,3.09
231,Honiara,SB,2022-07-10 16:50:38,-9.4333,159.95,75.76,84,94,4.9
232,Bubaque,GW,2022-07-10 16:50:38,11.2833,-15.8333,80.42,81,36,5.26
233,Esmeraldas,BR,2022-07-10 16:48:13,-19.7625,-44.3139,77.11,25,9,9.13
234,San Quintin,MX,2022-07-10 16:50:39,30.4833,-115.95,72.91,70,19,12.19
235,Portland,US,2022-07-10 16:45:48,45.5234,-122.6762,71.17,67,75,3.44
236,Hay River,CA,2022-07-10 16:46:15,60.8156,-115.7999,64.38,72,75,6.91
237,Gorodovikovsk,RU,2022-07-10 16:50:39,46.0878,41.9335,89.53,22,53,16.22
238,Urumqi,CN,2022-07-10 16:50:40,43.801,87.6005,76.15,27,0,4.47
239,Saint-Pierre,RE,2022-07-10 16:50:41,-21.3393,55.4781,69.48,71,0,19.57
240,Sao Joao Da Barra,BR,2022-07-10 16:50:41,-21.6403,-41.0511,78.89,69,4,13.22
241,Narsaq,GL,2022-07-10 16:50:41,60.9167,-46.05,49.62,70,46,6.04
242,Zykovo,RU,2022-07-10 16:50:42,55.9519,93.1461,61.54,87,33,3.65
243,Buffalo,US,2022-07-10 16:47:24,42.8865,-78.8784,81.9,40,40,9.22
244,Lensk,RU,2022-07-10 16:50:42,60.7253,114.9278,55.74,97,100,2.86
245,Lebedinyy,RU,2022-07-10 16:50:42,58.5167,125.5167,57.94,88,100,1.32
246,Lahij,YE,2022-07-10 16:50:43,13.1667,44.5833,91.81,40,100,3.87
247,Mujiayingzi,CN,2022-07-10 16:50:43,42.1167,118.7833,68.72,67,2,6.17
248,Rabat,MA,2022-07-10 16:50:17,33.9911,-6.8401,100.04,45,22,8.05
249,Bandarbeyla,SO,2022-07-10 16:50:43,9.4942,50.8122,75.6,80,68,35.03
250,Codrington,AU,2022-07-10 16:50:44,-38.2667,141.9667,46.89,73,92,14.54
251,Fortuna,US,2022-07-10 16:50:44,40.5982,-124.1573,63.93,85,75,5.99
252,Grand Gaube,MU,2022-07-10 16:50:44,-20.0064,57.6608,71.38,62,71,10.0
253,Hamilton,US,2022-07-10 16:48:47,39.1834,-84.5333,84.07,62,0,5.75
254,San Patricio,US,2022-07-10 16:50:45,28.017,-97.5169,96.08,37,10,3.91
255,Oranjemund,NA,2022-07-10 16:50:45,-28.55,16.4333,56.26,87,29,4.76
256,Meulaboh,ID,2022-07-10 16:50:45,4.1363,96.1285,77.58,86,100,3.29
257,Kloulklubed,PW,2022-07-10 16:50:46,7.0419,134.2556,75.7,71,87,4.23
258,Dingle,PH,2022-07-10 16:50:46,10.9995,122.6711,77.43,92,71,4.83
259,Klyuchi,RU,2022-07-10 16:50:46,52.2667,79.1667,68.94,59,28,8.3
260,Pangnirtung,CA,2022-07-10 16:50:47,66.1451,-65.7125,48.2,81,20,11.5
261,Freeport,US,2022-07-10 16:50:47,40.6576,-73.5832,82.58,51,0,5.99
262,Waitati,NZ,2022-07-10 16:50:47,-45.75,170.5667,40.8,75,36,4.12
263,Aljezur,PT,2022-07-10 16:50:48,37.3191,-8.8033,83.34,36,1,9.08
264,Rovaniemi,FI,2022-07-10 16:50:48,66.5,25.7167,63.81,82,20,6.91
265,Caravelas,BR,2022-07-10 16:50:48,-17.7125,-39.2481,78.51,58,61,6.53
266,Kahului,US,2022-07-10 16:50:48,20.8947,-156.47,77.85,75,0,12.66
267,Alofi,NU,2022-07-10 16:50:49,-19.0595,-169.9187,73.29,94,90,13.8
268,Ulagan,RU,2022-07-10 16:50:49,50.6321,87.9563,51.13,93,37,0.96
269,Acapulco,MX,2022-07-10 16:51:49,16.8634,-99.8901,86.5,65,47,4.45
270,Mocuba,MZ,2022-07-10 16:51:50,-16.8392,36.9856,63.91,91,9,3.22
271,Nogales,MX,2022-07-10 16:51:50,31.3086,-110.9422,90.72,27,63,2.84
272,Akdepe,TM,2022-07-10 16:51:50,42.0551,59.3788,87.89,29,4,19.26
273,Bom Jesus,BR,2022-07-10 16:51:51,-9.0744,-44.3586,93.7,25,77,10.09
274,Sola,VU,2022-07-10 16:51:51,-13.8833,167.55,81.28,75,19,13.94
275,Keti Bandar,PK,2022-07-10 16:51:52,24.1447,67.4497,82.18,88,100,17.2
276,Hobyo,SO,2022-07-10 16:51:52,5.3505,48.5268,76.69,79,45,27.67
277,Luderitz,NA,2022-07-10 16:51:52,-26.6481,15.1594,58.51,74,20,13.0
278,Broome,US,2022-07-10 16:51:53,42.2506,-75.833,78.19,45,0,5.75
279,Churapcha,RU,2022-07-10 16:51:53,62.0025,132.4325,66.33,99,100,5.3
280,Umm Kaddadah,SD,2022-07-10 16:51:53,13.6017,26.6876,92.79,31,100,2.15
281,Port Hardy,CA,2022-07-10 16:51:54,50.6996,-127.4199,59.18,88,100,0.0
282,Endicott,US,2022-07-10 16:51:54,42.0984,-76.0494,78.66,43,0,5.99
283,Khasan,RU,2022-07-10 16:51:55,42.4308,130.6434,65.12,98,100,4.25
284,Wajir,KE,2022-07-10 16:51:55,1.7471,40.0573,78.76,57,75,13.8
285,Nipawin,CA,2022-07-10 16:51:56,53.3668,-104.0009,75.24,57,0,11.5
286,Havoysund,NO,2022-07-10 16:51:56,70.9963,24.6622,52.03,79,16,12.35
287,Kabugao,PH,2022-07-10 16:51:56,18.0217,121.1842,75.88,98,14,1.63
288,Asau,RO,2022-07-10 16:51:57,46.4333,26.4,63.52,91,98,4.5
289,Jiangyou,CN,2022-07-10 16:51:57,31.7667,104.7167,78.37,86,97,1.95
290,Kolpashevo,RU,2022-07-10 16:51:57,58.3131,82.9089,63.54,87,48,7.65
291,Lamar,US,2022-07-10 16:51:58,33.6668,-95.5836,96.98,62,0,5.75
292,Makakilo City,US,2022-07-10 16:51:58,21.3469,-158.0858,75.18,74,0,10.36
293,Pokhara,NP,2022-07-10 16:51:58,28.2333,83.9833,73.33,84,75,4.38
294,Cap Malheureux,MU,2022-07-10 16:51:59,-19.9842,57.6142,71.47,62,68,10.0
295,Kosh-Agach,RU,2022-07-10 16:51:59,50.0,88.6667,46.35,82,41,0.96
296,Berlevag,NO,2022-07-10 16:51:59,70.8578,29.0864,62.4,82,20,12.66
297,Bloemfontein,ZA,2022-07-10 16:52:00,-29.1211,26.214,56.68,47,0,12.66
298,Baruun-Urt,MN,2022-07-10 16:52:00,46.6806,113.2792,63.77,48,73,7.52
299,Tiarei,PF,2022-07-10 16:52:01,-17.5333,-149.3333,71.62,75,48,22.59
300,Guerrero Negro,MX,2022-07-10 16:52:01,27.9769,-114.0611,74.77,65,14,13.0
301,Morondava,MG,2022-07-10 16:52:01,-20.2833,44.2833,73.42,63,0,11.32
302,Samarai,PG,2022-07-10 16:52:02,-10.6167,150.6667,80.46,74,17,11.12
303,Mwene-Ditu,CD,2022-07-10 16:52:02,-7.0,23.45,74.8,29,7,2.86
304,Strezhevoy,RU,2022-07-10 16:52:03,60.7333,77.5889,62.58,63,4,7.67
305,Balykshi,KZ,2022-07-10 16:52:03,47.0667,51.8667,87.8,20,0,6.71
306,Yatou,CN,2022-07-10 16:52:03,37.15,122.3833,74.32,87,97,4.79
307,Changping,CN,2022-07-10 16:52:04,40.2186,116.2197,69.44,72,37,1.86
308,Paraiso,CR,2022-07-10 16:52:04,9.8383,-83.8656,75.96,80,94,4.18
309,Werda,BW,2022-07-10 16:52:05,-25.2667,23.2833,57.29,32,4,8.34
310,Mahibadhoo,MV,2022-07-10 16:52:05,3.7833,72.9667,82.18,75,100,10.36
311,Fairbanks,US,2022-07-10 16:52:05,64.8378,-147.7164,62.6,93,75,0.0
312,Bengkulu,ID,2022-07-10 16:52:06,-3.8004,102.2655,74.55,89,90,4.25
313,Noshiro,JP,2022-07-10 16:52:06,40.2039,140.0242,69.49,89,94,5.53
314,Neuquen,AR,2022-07-10 16:53:06,-38.9516,-68.0591,44.49,65,0,3.44
315,Jingdezhen,CN,2022-07-10 16:53:07,29.2947,117.2079,82.47,87,26,2.28
316,Cacu,BR,2022-07-10 16:53:07,-18.5567,-51.1308,87.85,21,61,9.75
317,Margherita,IN,2022-07-10 16:53:07,27.2833,95.6833,78.04,96,46,3.18
318,Nanortalik,GL,2022-07-10 16:53:07,60.1432,-45.2371,44.1,85,90,5.61
319,Srednekolymsk,RU,2022-07-10 16:53:08,67.45,153.6833,55.29,60,89,8.95
320,Altamira,BR,2022-07-10 16:53:08,-3.2033,-52.2064,88.27,55,35,2.06
321,Lorengau,PG,2022-07-10 16:53:08,-2.0226,147.2712,81.34,75,33,8.97
322,Longyearbyen,SJ,2022-07-10 16:53:09,78.2186,15.6401,46.24,76,75,6.91
323,Mayo,US,2022-07-10 16:53:09,38.8876,-76.5119,82.99,69,0,5.75
324,Otukpo,NG,2022-07-10 16:53:10,7.1913,8.1329,77.05,90,56,3.94
325,Petrovskaya,RU,2022-07-10 16:53:10,45.4314,37.955,72.97,82,87,1.61
326,Rosita,NI,2022-07-10 16:53:10,13.9268,-84.4032,81.99,82,85,5.48
327,Bilibino,RU,2022-07-10 16:53:11,68.0546,166.4372,41.86,82,96,1.7
328,Talnakh,RU,2022-07-10 16:53:11,69.4865,88.3972,52.21,56,38,6.46
329,Labuan,MY,2022-07-10 16:51:02,5.2767,115.2417,77.36,83,20,5.01
330,Cabedelo,BR,2022-07-10 16:50:36,-6.9811,-34.8339,83.07,72,13,19.01
331,Roma,US,2022-07-10 16:53:12,43.2128,-75.4557,76.82,43,48,3.0
332,Jutai,BR,2022-07-10 16:53:12,-5.1833,-68.9,79.99,86,80,4.25
333,Gornozavodsk,RU,2022-07-10 16:53:13,58.3758,58.3211,68.11,75,51,3.09
334,Mago,RU,2022-07-10 16:53:13,53.2514,140.1822,68.92,83,47,2.21
335,Sitka,US,2022-07-10 16:53:13,57.0531,-135.33,53.87,89,100,5.86
336,Mildura,AU,2022-07-10 16:53:14,-34.2,142.15,47.7,66,100,7.25
337,Whitianga,NZ,2022-07-10 16:53:14,-36.8333,175.7,57.02,84,100,2.64
338,Husavik,IS,2022-07-10 16:53:15,66.0449,-17.3389,54.36,82,97,5.73
339,Bagotville,AU,2022-07-10 16:53:15,-28.9833,153.4167,50.85,83,42,8.9
340,Foso,GH,2022-07-10 16:53:16,5.7012,-1.2866,78.28,78,84,5.86
341,Lakeway,US,2022-07-10 16:53:16,30.3638,-97.9796,104.14,39,0,8.05
342,Lakatoro,VU,2022-07-10 16:53:17,-16.0999,167.4164,78.8,86,49,9.46
343,Thessalon,CA,2022-07-10 16:53:17,46.2501,-83.5666,71.89,61,33,10.25
344,Pakxan,LA,2022-07-10 16:53:17,18.3778,103.6601,75.92,95,85,1.28
345,Stephenville,US,2022-07-10 16:53:17,32.2207,-98.2023,97.81,37,0,11.5
346,Ust-Nera,RU,2022-07-10 16:53:18,64.5667,143.2,66.31,67,85,4.14
347,Camacha,PT,2022-07-10 16:53:18,33.0833,-16.3333,69.22,78,40,21.85
348,Ilulissat,GL,2022-07-10 16:53:19,69.2167,-51.1,40.3,81,58,4.52
349,Vanimo,PG,2022-07-10 16:53:19,-2.6741,141.3028,76.87,89,100,3.94
350,Koumac,NC,2022-07-10 16:53:19,-20.5667,164.2833,75.31,88,9,8.88
351,Okhotsk,RU,2022-07-10 16:53:20,59.3833,143.3,55.17,94,38,5.93
352,Phalaborwa,ZA,2022-07-10 16:53:20,-23.943,31.1411,68.49,37,0,5.64
353,Kampene,CD,2022-07-10 16:53:20,-3.6,26.6667,78.22,37,11,0.47
354,Cherskiy,RU,2022-07-10 16:53:20,68.75,161.3,46.29,56,30,3.18
355,Mount Gambier,AU,2022-07-10 16:53:21,-37.8333,140.7667,48.11,71,88,17.27
356,Ingham,US,2022-07-10 16:53:21,42.6,-84.3833,80.83,45,0,6.91
357,Balikpapan,ID,2022-07-10 16:54:22,-1.2675,116.8289,79.79,94,20,2.3
358,Smiths Falls,CA,2022-07-10 16:54:22,44.9001,-76.0161,82.09,48,87,6.29
359,Kargasok,RU,2022-07-10 16:54:22,59.0556,80.8572,65.01,62,10,8.59
360,Nalut,LY,2022-07-10 16:54:23,30.3333,10.85,95.47,20,3,14.05
361,Kirakira,SB,2022-07-10 16:54:23,-10.4544,161.9205,78.3,79,91,3.65
362,Abu Kamal,SY,2022-07-10 16:54:23,34.4506,40.9171,94.57,16,0,10.76
363,Isangel,VU,2022-07-10 16:54:23,-19.55,169.2667,75.65,86,1,5.46
364,Namyslow,PL,2022-07-10 16:54:24,51.0759,17.7228,60.33,57,100,11.48
365,Mayumba,GA,2022-07-10 16:54:24,-3.432,10.6554,71.89,81,87,7.61
366,Kulu,TR,2022-07-10 16:54:24,39.0951,33.0799,73.76,43,68,14.36
367,Nador,MA,2022-07-10 16:54:25,35.174,-2.9287,82.47,73,20,6.91
368,Kulhudhuffushi,MV,2022-07-10 16:54:25,6.6221,73.07,81.34,81,100,15.75
369,Winnemucca,US,2022-07-10 16:51:08,40.973,-117.7357,75.25,22,0,4.61
370,Yuli,NG,2022-07-10 16:54:26,9.6989,10.2744,75.51,90,92,4.79
371,Rocha,UY,2022-07-10 16:54:26,-34.4833,-54.3333,76.41,61,60,14.29
372,Esna,EG,2022-07-10 16:54:26,25.2934,32.554,104.02,13,11,13.09
373,Puri,IN,2022-07-10 16:51:43,19.8,85.85,82.92,84,100,8.39
374,Haikou,CN,2022-07-10 16:54:27,20.0458,110.3417,80.73,94,20,6.71
375,Neiafu,TO,2022-07-10 16:54:27,-18.65,-173.9833,77.68,88,40,25.03
376,Bambari,CF,2022-07-10 16:54:27,5.768,20.6757,73.6,91,96,3.6
377,Eirunepe,BR,2022-07-10 16:54:28,-6.6603,-69.8736,87.6,66,57,2.93
378,Kafanchan,NG,2022-07-10 16:54:28,9.5833,8.3,69.8,94,100,1.63
379,Port Hawkesbury,CA,2022-07-10 16:54:28,45.6169,-61.3485,72.91,52,0,12.66
380,Dale,US,2022-07-10 16:54:29,38.1689,-86.99,82.94,65,0,4.61
381,Ancud,CL,2022-07-10 16:54:29,-41.8697,-73.8203,44.22,86,100,14.85
382,Ternate,ID,2022-07-10 16:54:29,0.8,127.4,79.99,80,94,3.44
383,Raseiniai,LT,2022-07-10 16:54:30,55.3736,23.1217,62.04,81,23,3.44
384,Huhi,MX,2022-07-10 16:54:30,20.7167,-89.1667,93.4,43,14,4.68
385,Mancio Lima,BR,2022-07-10 16:54:30,-7.6142,-72.8958,84.27,74,40,5.75
386,Vestmanna,FO,2022-07-10 16:54:31,62.1564,-7.1664,50.92,100,100,13.8
387,Coihaique,CL,2022-07-10 16:54:31,-45.5752,-72.0662,30.15,80,100,3.44
388,Elblag,PL,2022-07-10 16:54:31,54.1522,19.4088,64.94,64,27,13.35
389,Madimba,TZ,2022-07-10 16:54:31,-10.4,40.3333,74.52,78,40,10.36
390,Giulianova,IT,2022-07-10 16:54:32,42.7612,13.9537,82.81,71,2,2.04
391,Kuito,AO,2022-07-10 16:54:32,-12.3833,16.9333,62.44,33,9,5.14
392,Saurimo,AO,2022-07-10 16:54:32,-9.6608,20.3916,70.77,23,7,2.35
393,Boyabat,TR,2022-07-10 16:54:33,41.4689,34.7667,67.33,94,76,4.03
394,Iquitos,PE,2022-07-10 16:54:33,-3.7481,-73.2472,80.64,78,75,1.14
395,Poltavka,RU,2022-07-10 16:54:33,54.3663,71.7632,69.89,79,92,8.41
396,Abay,KZ,2022-07-10 16:54:34,49.6311,72.8539,59.38,79,75,8.59
397,Victor Harbor,AU,2022-07-10 16:54:34,-35.5667,138.6167,55.0,55,43,4.0
398,Aquiraz,BR,2022-07-10 16:49:40,-3.9014,-38.3911,86.09,64,33,14.14
399,Santona,ES,2022-07-10 16:54:34,43.4439,-3.4576,85.69,60,0,8.59
400,Carlsbad,US,2022-07-10 16:52:28,33.1581,-117.3506,89.89,76,40,4.61
401,Nara,JP,2022-07-10 16:54:35,34.6851,135.8049,79.92,68,20,1.9
402,Jacqueville,CI,2022-07-10 16:54:35,5.2052,-4.4146,77.88,73,61,10.98
403,Wanning,CN,2022-07-10 16:54:35,18.8003,110.3967,80.29,92,100,6.64
404,Vao,NC,2022-07-10 16:55:36,-22.6667,167.4833,75.96,78,79,22.3
405,Chara,RU,2022-07-10 16:55:36,56.9064,118.2631,53.24,85,100,1.88
406,Piranhas,BR,2022-07-10 16:55:36,-16.4269,-51.8222,90.34,20,12,8.84
407,Anloga,GH,2022-07-10 16:55:36,5.7947,0.8973,77.99,80,62,16.35
408,Peace River,CA,2022-07-10 16:55:37,56.2501,-117.286,62.91,67,100,18.41
409,Kandrian,PG,2022-07-10 16:55:37,-6.2167,149.55,75.34,90,60,5.61
410,Constitucion,CL,2022-07-10 16:55:37,-35.3333,-72.4167,53.28,69,100,3.85
411,Qui Nhon,VN,2022-07-10 16:55:38,13.7667,109.2333,78.13,85,91,5.57
412,Show Low,US,2022-07-10 16:55:38,34.2542,-110.0298,80.65,37,0,5.75
413,Hearst,CA,2022-07-10 16:55:38,49.6835,-83.6665,60.35,78,100,7.0
414,Goure,NE,2022-07-10 16:55:39,13.9835,10.2704,92.01,23,53,7.56
415,Hays,US,2022-07-10 16:51:12,30.0502,-98.0336,102.92,38,6,3.0
416,Changchun,CN,2022-07-10 16:54:59,43.88,125.3228,66.16,93,60,4.7
417,Pasinler,TR,2022-07-10 16:55:39,39.9803,41.6764,77.99,35,16,4.21
418,Cabra,ES,2022-07-10 16:55:40,37.4725,-4.4421,95.56,20,1,16.06
419,Adrar,MR,2022-07-10 16:55:40,20.5022,-10.0711,110.64,6,0,12.5
420,Katsuura,JP,2022-07-10 16:55:40,35.1333,140.3,74.37,94,9,2.53
421,Mastic,US,2022-07-10 16:55:41,40.802,-72.8409,80.74,61,20,7.0
422,Aykhal,RU,2022-07-10 16:55:41,66.0,111.5,57.63,59,93,6.26
423,Makurdi,NG,2022-07-10 16:55:42,7.7411,8.5121,81.21,81,74,3.4
424,Inta,RU,2022-07-10 16:55:42,66.0317,60.1659,62.87,62,69,4.45
425,Corinto,GR,2022-07-10 16:55:42,37.9407,22.9573,87.42,41,23,5.41
426,Hovd,MN,2022-07-10 16:55:43,48.0056,91.6419,60.13,52,98,5.3
427,Dubti,ET,2022-07-10 16:55:43,11.7361,41.0853,93.49,35,97,1.32
428,Zhanakorgan,KZ,2022-07-10 16:55:43,43.9098,67.2495,79.45,25,5,11.56
429,Manaure,CO,2022-07-10 16:55:43,11.7751,-72.4445,90.0,53,84,19.84
430,Gornopravdinsk,RU,2022-07-10 16:55:44,60.05,69.9,69.01,90,72,1.12
431,Nabire,ID,2022-07-10 16:51:43,-3.3667,135.4833,75.51,94,100,2.06
432,Bayanday,RU,2022-07-10 16:55:44,53.0661,105.5139,51.42,86,58,2.42
433,Gondanglegi,ID,2022-07-10 16:55:45,-7.7479,112.0132,74.28,90,43,7.7
434,Belyy Yar,RU,2022-07-10 16:55:45,53.6039,91.3903,66.09,61,0,4.47
435,Shiyan,CN,2022-07-10 16:55:45,32.6475,110.7781,80.56,92,83,2.75
436,Dong Hoi,VN,2022-07-10 16:55:46,17.4833,106.6,78.35,86,66,4.05
437,Lubao,PH,2022-07-10 16:55:46,14.9167,120.55,83.91,90,65,3.29
438,Ulladulla,AU,2022-07-10 16:55:46,-35.35,150.4667,50.67,85,82,5.91
439,Rockland,US,2022-07-10 16:55:46,41.1668,-74.0496,83.23,39,0,1.01
440,Tezu,IN,2022-07-10 16:55:47,27.9167,96.1667,78.55,92,61,3.87
441,Urucui,BR,2022-07-10 16:55:47,-7.2294,-44.5561,94.44,29,11,11.43
442,Monsenhor Gil,BR,2022-07-10 16:55:48,-5.5642,-42.6078,85.24,48,75,9.01
443,Hayden,US,2022-07-10 16:55:48,47.766,-116.7866,69.49,57,0,12.66
444,Mushie,CD,2022-07-10 16:55:48,-3.0167,16.9,86.86,27,50,4.12
445,Dvinskoy,RU,2022-07-10 16:55:49,62.1535,45.1175,72.45,61,56,5.01
446,Fort Saint James,CA,2022-07-10 16:55:49,54.4333,-124.25,61.48,50,82,5.26
447,Santa Cruz De La Palma,ES,2022-07-10 16:55:49,28.6835,-17.7642,75.34,78,0,16.11
448,Ballaghaderreen,IE,2022-07-10 16:50:51,53.9,-8.5833,72.84,68,75,5.75
449,Carupano,VE,2022-07-10 16:55:49,10.6678,-63.2585,77.88,86,100,7.65
450,Talara,PE,2022-07-10 16:56:50,-4.5772,-81.2719,68.76,77,75,13.8
451,Roebourne,AU,2022-07-10 16:56:50,-20.7833,117.1333,64.15,36,1,5.17
452,Tomohon,ID,2022-07-10 16:56:51,1.3346,124.8392,72.54,93,94,3.76
453,Kamina,CD,2022-07-10 16:56:51,-8.7386,24.9906,69.51,34,11,4.83
454,Minas,UY,2022-07-10 16:56:51,-34.3759,-55.2377,71.37,72,60,15.82
455,Petropavlovsk-Kamchatskiy,RU,2022-07-10 16:56:52,53.0452,158.6483,64.99,88,75,2.24
456,Tazovskiy,RU,2022-07-10 16:56:52,67.4667,78.7,49.03,94,76,8.97
457,Fallon,US,2022-07-10 16:56:53,39.4735,-118.7774,81.45,17,0,10.36
458,Grindavik,IS,2022-07-10 16:56:53,63.8424,-22.4338,57.15,87,100,16.11
459,Arys,KZ,2022-07-10 16:56:54,42.4252,68.795,81.19,22,58,8.01
460,Maarianhamina,AX,2022-07-10 16:56:54,60.0973,19.9348,66.06,55,75,6.91
461,Frederico Westphalen,BR,2022-07-10 16:56:11,-27.3592,-53.3944,73.44,63,100,9.13
462,Arlit,NE,2022-07-10 16:56:54,18.7369,7.3853,103.89,12,2,3.11
463,Gat,IL,2022-07-10 16:52:03,31.61,34.7642,82.81,100,0,9.48
464,Moulins,FR,2022-07-10 16:56:55,46.5,3.3333,79.02,43,0,6.44
465,Kodumudi,IN,2022-07-10 16:56:55,11.0775,77.8836,78.91,73,91,17.4
466,Vysokogornyy,RU,2022-07-10 16:56:55,50.1167,139.15,63.54,99,96,2.06
467,Praia Da Vitoria,PT,2022-07-10 16:56:56,38.7333,-27.0667,72.75,73,75,8.25
468,Juegang,CN,2022-07-10 16:56:56,32.3174,121.1855,81.91,94,100,4.7
469,Avila,ES,2022-07-10 16:56:56,40.5833,-5.0,90.64,14,31,4.03
470,Baijiantan,CN,2022-07-10 16:56:57,45.6333,85.1833,83.01,26,68,8.57
471,Umm Lajj,SA,2022-07-10 16:56:57,25.0213,37.2685,86.05,64,81,2.24
472,Adamas,GR,2022-07-10 16:56:57,36.7333,24.4333,74.26,73,0,7.99
473,Menongue,AO,2022-07-10 16:56:57,-14.6585,17.691,64.67,31,1,1.83
474,Varnsdorf,CZ,2022-07-10 16:56:58,50.9115,14.6182,63.14,67,80,10.51
475,Rawson,AR,2022-07-10 16:56:58,-43.3002,-65.1023,42.46,91,96,26.17
476,Aksarka,RU,2022-07-10 16:56:59,66.5606,67.7975,62.71,61,93,5.82
477,Muscat,OM,2022-07-10 16:56:59,23.6139,58.5922,86.34,78,99,5.57
478,Naze,JP,2022-07-10 16:56:59,28.3667,129.4833,79.72,90,6,2.19
479,Itarema,BR,2022-07-10 16:56:59,-2.9248,-39.9167,85.95,58,32,15.1
480,Baykit,RU,2022-07-10 16:57:00,61.67,96.37,54.36,84,3,5.44
481,Turayf,SA,2022-07-10 16:57:00,31.6725,38.6637,93.45,18,0,11.5
482,Omboue,GA,2022-07-10 16:57:01,-1.5746,9.2618,72.97,75,27,10.33
483,Christchurch,NZ,2022-07-10 16:54:14,-43.5333,172.6333,33.33,93,19,1.14
484,Novomichurinsk,RU,2022-07-10 16:57:01,54.0384,39.7479,68.16,73,94,6.42
485,Puerto Colombia,CO,2022-07-10 16:57:02,10.9878,-74.9547,87.89,74,100,3.4
486,La Rioja,ES,2022-07-10 16:57:02,42.25,-2.5,91.18,22,0,6.76
487,Morehead,US,2022-07-10 16:57:03,37.2711,-87.1764,82.99,72,0,6.91
488,Santa Cruz,BO,2022-07-10 16:57:03,-17.8,-63.1667,87.85,45,75,28.77
489,Nemuro,JP,2022-07-10 16:57:03,43.3236,145.575,57.24,100,100,8.34
490,Touros,BR,2022-07-10 16:57:04,-5.1989,-35.4608,80.55,75,39,19.08
491,Tautira,PF,2022-07-10 16:57:04,-17.7333,-149.15,77.63,75,97,20.67
492,Yulara,AU,2022-07-10 16:56:33,-25.2406,130.9889,45.46,44,0,5.68
493,College,US,2022-07-10 16:57:05,64.8569,-147.8028,62.58,92,100,0.0
494,Izumo,JP,2022-07-10 16:57:05,35.3667,132.7667,76.95,94,91,3.0
495,La Peca,PE,2022-07-10 16:58:06,-5.6111,-78.435,78.87,61,80,2.91
496,West Wendover,US,2022-07-10 16:58:06,40.7391,-114.0733,84.18,11,0,2.64
497,Ullapool,GB,2022-07-10 16:58:06,57.8987,-5.1604,64.35,73,48,5.37
498,Cardston,CA,2022-07-10 16:58:06,49.2,-113.3019,64.69,63,99,2.3
499,Ranot,TH,2022-07-10 16:58:07,7.7777,100.3213,81.81,75,100,12.62
500,Komsomolskiy,UZ,2022-07-10 16:58:07,40.4272,71.7189,83.12,24,85,4.61
501,Abnub,EG,2022-07-10 16:58:07,27.2696,31.1511,100.62,17,4,9.73
502,Chipinge,ZW,2022-07-10 16:58:08,-20.1883,32.6236,56.64,65,33,6.15
503,Segezha,RU,2022-07-10 16:53:53,63.7415,34.3222,65.98,65,100,6.46
504,Port-Gentil,GA,2022-07-10 16:58:08,-0.7193,8.7815,75.16,78,75,14.97
505,Havelock,US,2022-07-10 16:53:25,34.8791,-76.9013,82.38,90,100,9.22
506,Iki-Burul,RU,2022-07-10 16:58:08,45.8208,44.6472,84.79,24,0,19.73
507,Nowy Dwor Gdanski,PL,2022-07-10 16:56:15,54.2131,19.1177,66.2,63,14,13.0
508,Thinadhoo,MV,2022-07-10 16:58:09,0.5333,72.9333,82.92,75,100,9.04
509,Chicama,PE,2022-07-10 16:58:09,-7.8447,-79.1469,61.34,63,93,7.16
510,Bourail,NC,2022-07-10 16:58:10,-21.5667,165.4833,73.33,83,73,7.87
511,Kilifi,KE,2022-07-10 16:58:10,-3.6305,39.8499,74.98,77,18,15.82
512,Dakar,SN,2022-07-10 16:56:05,14.6937,-17.4441,88.68,70,40,9.22
513,Curuguaty,PY,2022-07-10 16:58:11,-24.4694,-55.6945,88.66,32,85,11.07
514,Chepareria,KE,2022-07-10 16:58:11,1.3077,35.2039,62.76,87,62,2.73
515,Karasburg,NA,2022-07-10 16:58:11,-28.0167,18.75,50.65,63,98,13.62
516,Shimoda,JP,2022-07-10 16:58:12,34.6667,138.95,73.11,89,0,2.91
517,Aranos,NA,2022-07-10 16:58:12,-24.1333,19.1167,51.82,25,0,10.54
518,Muros,ES,2022-07-10 16:58:13,42.7762,-9.0603,69.71,75,73,8.5
519,High Level,CA,2022-07-10 16:58:13,58.5169,-117.136,62.71,94,100,4.61
520,Sampit,ID,2022-07-10 16:58:13,-2.5333,112.95,73.63,98,98,1.07
521,Burnie,AU,2022-07-10 16:58:14,-41.0667,145.9167,50.94,72,100,12.84
522,Alyangula,AU,2022-07-10 16:58:15,-13.8483,136.4192,65.48,78,55,8.25
523,Port Blair,IN,2022-07-10 16:58:16,11.6667,92.75,81.79,85,100,20.83
524,Taseyevo,RU,2022-07-10 16:58:16,57.2169,94.8978,60.06,98,100,3.53
525,Moose Factory,CA,2022-07-10 16:56:35,51.2585,-80.6094,60.78,88,100,4.61
526,Diapaga,BF,2022-07-10 16:58:17,12.0708,1.7889,89.02,48,85,4.79
527,Niquelandia,BR,2022-07-10 16:54:08,-14.4739,-48.4597,87.53,25,0,8.97
528,Ayacucho,PE,2022-07-10 16:58:17,-13.1583,-74.2239,62.46,45,75,3.44
529,Chabahar,IR,2022-07-10 16:58:17,25.2919,60.643,84.56,81,100,9.06
530,Dickinson,US,2022-07-10 16:58:18,29.4608,-95.0513,97.99,61,20,12.66
531,Ramhormoz,IR,2022-07-10 16:58:18,31.28,49.6035,104.23,9,0,2.1
532,Nkongsamba,CM,2022-07-10 16:58:19,4.9547,9.9404,69.37,96,82,2.08
533,Yar-Sale,RU,2022-07-10 16:58:19,66.8333,70.8333,59.94,68,71,9.66
534,Barsovo,RU,2022-07-10 16:58:19,61.1667,73.1667,71.02,70,11,6.71
535,Sipoo,FI,2022-07-10 16:58:20,60.3775,25.2691,71.1,46,20,6.91
536,Pinawa,CA,2022-07-10 16:58:20,50.1489,-95.8811,69.48,92,100,8.68
537,Sao Felix Do Xingu,BR,2022-07-10 16:58:20,-6.6447,-51.995,94.06,26,34,4.68
538,Dolinsk,RU,2022-07-10 16:58:21,47.35,142.8,59.05,97,100,4.16
539,Erdenet,MN,2022-07-10 16:58:21,49.0333,104.0833,50.59,95,100,12.62
540,Mana,GF,2022-07-10 16:58:21,5.6592,-53.7767,78.03,87,93,4.74
541,Pudem,RU,2022-07-10 16:58:22,58.3044,52.1675,71.62,72,25,4.88
542,Nelspruit,ZA,2022-07-10 16:58:22,-25.4745,30.9703,62.89,48,0,8.05
543,Zhaodong,CN,2022-07-10 16:59:22,46.0833,125.9833,64.51,89,100,5.55
544,Shitanjing,CN,2022-07-10 16:59:23,39.2342,106.3439,75.88,47,100,4.54
545,Buenos Aires,AR,2022-07-10 16:59:23,-34.6132,-58.3772,64.94,87,75,8.05
